{
  "defaultAction": "SCMP_ACT_ERRNO",
  "archMap": [
    {
      "architecture": "SCMP_ARCH_X86_64",
      "subArchitectures": [
        "SCMP_ARCH_X86",
        "SCMP_ARCH_X32"
      ]
    }
  ],
  "syscalls": [
    {
      "names": [
        "read",
        "write",
        "exit",
        "futex",
        "nanosleep",
        "clock_gettime",
        "epoll_wait",
        "epoll_ctl",
        "accept4",
        "brk",
        "mmap",
        "munmap",
        "rt_sigaction",
        "rt_sigprocmask",
        "clone3",
        "close",
        "socket",
        "bind",
        "listen",
        "getsockname",
        "getpid",
        "getrandom"
      ],
      "action": "SCMP_ACT_ALLOW"
    }
  ]
}
