{
  "Version": "2012-10-17",
  "Statement": [
    {
      "Sid": "GitHubOIDCTrust",
      "Effect": "Allow",
      "Principal": {
        "Federated": "arn:aws:iam::YOUR_AWS_ACCOUNT_ID:oidc-provider/token.actions.githubusercontent.com"
      },
      "Action": "sts:AssumeRoleWithWebIdentity",
      "Condition": {
        "StringEquals": {
          "token.actions.githubusercontent.com:aud": "sts.amazonaws.com"
        },
        "StringLike": {
          "token.actions.githubusercontent.com:sub": "repo:YOUR_GITHUB_OWNER/YOUR_REPO:ref:refs/heads/main"
        }
      }
    }
  ]
}
